{"lr-Adam": 0.01, "trainer/global_step": 0, "_timestamp": 1721881670.4217703, "_runtime": 12.815697431564331, "_step": 0, "_wandb": {"runtime": 5}}