{"lr-Adam": 0.01, "trainer/global_step": 0, "_timestamp": 1721881794.6057532, "_runtime": 11.879672288894653, "_step": 0, "_wandb": {"runtime": 5}}