{"lr-Adam": 0.01, "trainer/global_step": 0, "_timestamp": 1721881981.5964694, "_runtime": 6.590040445327759, "_step": 0, "_wandb": {"runtime": 5}}